"","District_Waterbody","District.x","Village","Waterbody","Batch","SnailNumber","Major","Minor","CorrectedWBName","District.y","CorrectedSchistoNumber","Date","snail_volume","snail_biomass","WB_biomass","competitors","WB_abundance","SamplingDate"
"2","Busega_Lambo/Mto wa Makuyuda Mwabayanda","Busega","Lunala ","Lambo/Mto wa Makuyuda Mwabayanda","Batch2",9,15.341,9.05,"Lambo/Mto wa Makuyuda Mwabayanda","Busega",2132.328,2021-05-27,3610.447296821,364.655176978921,12068.9025070504,11886.5749185609,51,85
"3","Busega_Lambo/Mto wa Makuyuda Mwabayanda","Busega","Lunala ","Lambo/Mto wa Makuyuda Mwabayanda","Batch2",11,12.775,8.002,"Lambo/Mto wa Makuyuda Mwabayanda","Busega",784.74,2021-05-27,2084.887984375,210.573686421875,12068.9025070504,11963.6156638394,51,85
"4","Busega_Lambo/Mto wa Makuyuda Mwabayanda","Busega","Lunala ","Lambo/Mto wa Makuyuda Mwabayanda","Batch2",24,11.753,7.64,"Lambo/Mto wa Makuyuda Mwabayanda","Busega",876.744,2021-05-27,1623.477254777,163.971202732477,12068.9025070504,11986.9169056841,51,85
"5","Busega_Lambo/Mto wa Makuyuda Mwabayanda","Busega","Lunala ","Lambo/Mto wa Makuyuda Mwabayanda","Batch3",2,11.539,7.493,"Lambo/Mto wa Makuyuda Mwabayanda","Busega",660.264,2021-05-27,1536.400783819,155.176479165719,12068.9025070504,11991.3142674675,51,85
"6","Busega_Lambo/Mto wa Makuyuda Mwabayanda","Busega","Lunala ","Lambo/Mto wa Makuyuda Mwabayanda","Batch3",6,9.729,7.092,"Lambo/Mto wa Makuyuda Mwabayanda","Busega",21,2021-05-27,920.883327489,93.009216076389,12068.9025070504,12022.3978990122,51,85
"7","Busega_Lambo/Mto wa Makuyuda Mwabayanda","Busega","Lunala ","Lambo/Mto wa Makuyuda Mwabayanda","Batch3",8,14.914,11.259,"Lambo/Mto wa Makuyuda Mwabayanda","Busega",1331.352,2021-05-27,3317.282183944,335.045500578344,12068.9025070504,11901.3797567612,51,85
"8","Busega_Lambo/Mto wa Makuyuda Mwabayanda","Busega","Lunala ","Lambo/Mto wa Makuyuda Mwabayanda","Batch3",9,10.445,7.321,"Lambo/Mto wa Makuyuda Mwabayanda","Busega",979.572,2021-05-27,1139.528871125,115.092415983625,12068.9025070504,12011.3562990586,51,85
"9","Busega_Lambo/Mto wa Makuyuda Mwabayanda","Busega","Lunala ","Lambo/Mto wa Makuyuda Mwabayanda","Batch3",12,8.752,5.604,"Lambo/Mto wa Makuyuda Mwabayanda","Busega",165,2021-05-27,670.381355008,67.708516855808,12068.9025070504,12035.0482486225,51,85
"10","Busega_Lambo/Mto wa Makuyuda Mwabayanda","Busega","Lunala ","Lambo/Mto wa Makuyuda Mwabayanda","Batch3",16,14.239,9.634,"Lambo/Mto wa Makuyuda Mwabayanda","Busega",198,2021-05-27,2886.944733919,291.581418125819,12068.9025070504,11923.1117979875,51,85
"11","Busega_Lambo/Mto wa Makuyuda Mwabayanda","Busega","Lunala ","Lambo/Mto wa Makuyuda Mwabayanda","Batch3",18,15.425,9.914,"Lambo/Mto wa Makuyuda Mwabayanda","Busega",1580.304,2021-05-27,3670.079890625,370.678068953125,12068.9025070504,11883.5634725738,51,85
"12","Busega_Lambo/Mto wa Makuyuda Mwabayanda","Busega","Lunala ","Lambo/Mto wa Makuyuda Mwabayanda","Batch3",21,15.471,9.062,"Lambo/Mto wa Makuyuda Mwabayanda","Busega",1212.288,2021-05-27,3703.012332111,374.004245543211,12068.9025070504,11881.9003842788,51,85
"13","Busega_Lambo/Mto wa Makuyuda Mwabayanda","Busega","Lunala ","Lambo/Mto wa Makuyuda Mwabayanda","Batch3",23,13.709,8.249,"Lambo/Mto wa Makuyuda Mwabayanda","Busega",166,2021-05-27,2576.423959829,260.218819942729,12068.9025070504,11938.793097079,51,85
"14","Busega_Lambo/Mto wa Makuyuda Mwabayanda","Busega","Lunala ","Lambo/Mto wa Makuyuda Mwabayanda","Batch1",9,10.008,6.878,"Lambo/Mto wa Makuyuda Mwabayanda","Busega",129,2021-07-23,1002.401920512,101.242593971712,11609.9564150842,11559.3351180983,56,142
"15","Busega_Lambo/Mto wa Makuyuda Mwabayanda","Busega","Lunala ","Lambo/Mto wa Makuyuda Mwabayanda","Batch1",21,14.431,9.864,"Lambo/Mto wa Makuyuda Mwabayanda","Busega",187,2021-07-23,3005.310024991,303.536312524091,11609.9564150842,11458.1882588221,56,142
"16","Busega_Lambo/Mto wa Makuyuda Mwabayanda","Busega","Lunala ","Lambo/Mto wa Makuyuda Mwabayanda","Batch2",4,7.912,5.596,"Lambo/Mto wa Makuyuda Mwabayanda","Busega",46,2021-07-23,495.289174528,50.024206627328,11609.9564150842,11584.9443117705,56,142
"17","Busega_Lambo/Mto wa Makuyuda Mwabayanda","Busega","Lunala ","Lambo/Mto wa Makuyuda Mwabayanda","Batch2",9,11.752,7.046,"Lambo/Mto wa Makuyuda Mwabayanda","Busega",1,2021-07-23,1623.062891008,163.929351991808,11609.9564150842,11527.9917390883,56,142
"18","Busega_Lambo/Mto wa Makuyuda Mwabayanda","Busega","Lunala ","Lambo/Mto wa Makuyuda Mwabayanda","Batch2",18,14.455,9.181,"Lambo/Mto wa Makuyuda Mwabayanda","Busega",31,2021-07-23,3020.329246375,305.053253883875,11609.9564150842,11457.4297881422,56,142
"19","Busega_Lambo/Mto wa Makuyuda Mwabayanda","Busega","Lunala ","Lambo/Mto wa Makuyuda Mwabayanda","Batch2",28,14.783,9.206,"Lambo/Mto wa Makuyuda Mwabayanda","Busega",979.572,2021-07-23,3230.633786687,326.294012455387,11609.9564150842,11446.8094088565,56,142
"20","Busega_Lambo/Mto wa Makuyuda Mwabayanda","Busega","Lunala ","Lambo/Mto wa Makuyuda Mwabayanda","Batch3",3,15.022,9.203,"Lambo/Mto wa Makuyuda Mwabayanda","Busega",71,2021-07-23,3389.871790648,342.377050855448,11609.9564150842,11438.7678896565,56,142
"21","Busega_Lambo/Mto wa Makuyuda Mwabayanda","Busega","Lunala ","Lambo/Mto wa Makuyuda Mwabayanda","Batch3",32,12.749,7.714,"Lambo/Mto wa Makuyuda Mwabayanda","Busega",56,2021-07-23,2072.184225749,209.290606800649,11609.9564150842,11505.3111116839,56,142
"22","Busega_Lambo/Mto wa Makuyuda Mwabayanda","Busega","Lunala ","Lambo/Mto wa Makuyuda Mwabayanda","Batch4",9,8.86,5.701,"Lambo/Mto wa Makuyuda Mwabayanda","Busega",1,2021-07-23,695.506456,70.246152056,11609.9564150842,11574.8333390562,56,142
"23","Busega_Lambo/Mto wa Makuyuda Mwabayanda","Busega","Lunala ","Lambo/Mto wa Makuyuda Mwabayanda","Batch1",15,14.129,8.656,"Lambo/Mto wa Makuyuda Mwabayanda","Busega",1131.108,2021-08-25,2820.553068689,284.875859937589,15593.7448110333,15308.8689510957,92,175
"24","Busega_Lambo/Mto wa Makuyuda Mwabayanda","Busega","Lunala ","Lambo/Mto wa Makuyuda Mwabayanda","Batch2",32,10.514,7.083,"Lambo/Mto wa Makuyuda Mwabayanda","Busega",465.432,2021-08-25,1162.261676744,117.388429351144,15593.7448110333,15476.3563816822,92,175
"25","Busega_Lambo/Mto wa Makuyuda Mwabayanda","Busega","Lunala ","Lambo/Mto wa Makuyuda Mwabayanda","Batch1",11,10.451,6.953,"Lambo/Mto wa Makuyuda Mwabayanda","Busega",1,2021-09-22,1141.493763851,115.290870148951,21573.7717534537,21458.4808833048,88,203
"26","Busega_Lambo/Mto wa Makuyuda Mwabayanda","Busega","Lunala ","Lambo/Mto wa Makuyuda Mwabayanda","Batch1",18,10.66,5.895,"Lambo/Mto wa Makuyuda Mwabayanda","Busega",1,2021-09-22,1211.355496,122.346905096,21573.7717534537,21451.4248483577,88,203
"27","Busega_Lambo/Mto wa Makuyuda Mwabayanda","Busega","Lunala ","Lambo/Mto wa Makuyuda Mwabayanda","Batch1",30,10.341,6.745,"Lambo/Mto wa Makuyuda Mwabayanda","Busega",16,2021-09-22,1105.828081821,111.688636263921,21573.7717534537,21462.0831171898,88,203
"28","Busega_Lambo/Mto wa Makuyuda Mwabayanda","Busega","Lunala ","Lambo/Mto wa Makuyuda Mwabayanda","Batch3",3,13.63,7.468,"Lambo/Mto wa Makuyuda Mwabayanda","Busega",21,2021-09-22,2532.139147,255.746053847,21573.7717534537,21318.0256996067,88,203
"29","Busega_Lambo/Mto wa Makuyuda Mwabayanda","Busega","Lunala ","Lambo/Mto wa Makuyuda Mwabayanda","Batch3",6,11.727,7.55,"Lambo/Mto wa Makuyuda Mwabayanda","Busega",1,2021-09-22,1612.726697583,162.885396455883,21573.7717534537,21410.8863569979,88,203
"30","Busega_Lambo/Mto wa Makuyuda Mwabayanda","Busega","Lunala ","Lambo/Mto wa Makuyuda Mwabayanda","Batch3",7,16.223,9.654,"Lambo/Mto wa Makuyuda Mwabayanda","Busega",19,2021-09-22,4269.662081567,431.235870238267,21573.7717534537,21142.5358832155,88,203
"31","Busega_Lambo/Mto wa Makuyuda Mwabayanda","Busega","Lunala ","Lambo/Mto wa Makuyuda Mwabayanda","Batch3",11,9.885,5.019,"Lambo/Mto wa Makuyuda Mwabayanda","Busega",12,2021-09-22,965.895229125,97.555418141625,21573.7717534537,21476.2163353121,88,203
"32","Busega_Lambo/Mto wa Makuyuda Mwabayanda","Busega","Lunala ","Lambo/Mto wa Makuyuda Mwabayanda","Batch3",12,13.866,8.255,"Lambo/Mto wa Makuyuda Mwabayanda","Busega",1,2021-09-22,2665.959745896,269.261934335496,21573.7717534537,21304.5098191183,88,203
"33","Busega_Lambo/Mto wa Makuyuda Mwabayanda","Busega","Lunala ","Lambo/Mto wa Makuyuda Mwabayanda","Batch3",13,13.061,8.044,"Lambo/Mto wa Makuyuda Mwabayanda","Busega",23,2021-09-22,2228.072345981,225.035306944081,21573.7717534537,21348.7364465097,88,203
"34","Busega_Lambo/Mto wa Makuyuda Mwabayanda","Busega","Lunala ","Lambo/Mto wa Makuyuda Mwabayanda","Batch3",19,11.339,6.822,"Lambo/Mto wa Makuyuda Mwabayanda","Busega",28,2021-09-22,1457.888351219,147.246723473119,21573.7717534537,21426.5250299806,88,203
"35","Busega_Lambo/Mto wa Makuyuda Mwabayanda","Busega","Lunala ","Lambo/Mto wa Makuyuda Mwabayanda","Batch3",21,12.433,6.838,"Lambo/Mto wa Makuyuda Mwabayanda","Busega",128,2021-09-22,1921.886786737,194.110565460437,21573.7717534537,21379.6611879933,88,203
"36","Busega_Lambo/Mto wa Makuyuda Mwabayanda","Busega","Lunala ","Lambo/Mto wa Makuyuda Mwabayanda","Batch2",4,17.228,8.16,"Lambo/Mto wa Makuyuda Mwabayanda","Busega",1,2021-09-22,5113.339036352,516.447242671552,21573.7717534537,21057.3245107822,88,203
"37","Busega_Lambo/Mto wa Makuyuda Mwabayanda","Busega","Lunala ","Lambo/Mto wa Makuyuda Mwabayanda","Batch2",16,13.275,8.041,"Lambo/Mto wa Makuyuda Mwabayanda","Busega",27,2021-09-22,2339.395171875,236.278912359375,21573.7717534537,21337.4928410944,88,203
"38","Busega_Lambo/Mto wa Makuyuda Mwabayanda","Busega","Lunala ","Lambo/Mto wa Makuyuda Mwabayanda","Batch2",22,12.885,7.313,"Lambo/Mto wa Makuyuda Mwabayanda","Busega",15,2021-09-22,2139.209254125,216.060134666625,21573.7717534537,21357.7116187871,88,203
"39","Busega_Lambo/Mto wa Makuyuda Mwabayanda","Busega","Lunala ","Lambo/Mto wa Makuyuda Mwabayanda","Batch2",30,10.565,7.606,"Lambo/Mto wa Makuyuda Mwabayanda","Busega",22,2021-09-22,1179.257112125,119.104968324625,21573.7717534537,21454.6667851291,88,203
"40","Busega_Lambo/Mto wa Makuyuda Mwabayanda","Busega","Lunala ","Lambo/Mto wa Makuyuda Mwabayanda","Batch2",31,10.869,7.538,"Lambo/Mto wa Makuyuda Mwabayanda","Busega",48,2021-09-22,1284.011064909,129.685117555809,21573.7717534537,21444.0866358979,88,203
"41","Busega_Mto Lunala","Busega","Lunala ","Mto Lunala","Batch1",1,11.815,9.105,"Mto Lunala","Busega",898.392,2021-05-27,1649.305768375,166.579882605875,83.2899413029375,0,0.5,85
"42","Busega_Mto Lunala","Busega","Lunala ","Mto Lunala","Batch1",1,12.505,8.984,"Mto Lunala","Busega",1,2021-07-23,1955.469687625,197.502438450125,1170.49631127516,1071.7450920501,5,142
"43","Busega_Mto Lunala","Busega","Lunala ","Mto Lunala","Batch1",2,12.997,8.325,"Mto Lunala","Busega",7,2021-07-23,2195.479350973,221.743414448273,1170.49631127516,1059.62460405103,5,142
"44","Busega_Mto Lunala","Busega","Lunala ","Mto Lunala","Batch1",5,11.68,7.363,"Mto Lunala","Busega",61,2021-07-23,1593.413632,160.934776832,1170.49631127516,1090.02892285916,5,142
"45","Busega_Mto Lunala","Busega","Lunala ","Mto Lunala","Batch1",6,16.751,7.887,"Mto Lunala","Busega",43,2021-07-23,4700.263612751,474.726624887851,1170.49631127516,933.132998831238,5,142
"46","Busega_Mto Lunala","Busega","Lunala ","Mto Lunala","Batch1",7,13.194,10.452,"Mto Lunala","Busega",25,2021-07-23,2296.833105384,231.980143643784,1170.49631127516,1054.50623945327,5,142
"47","Busega_Mto Lunala","Busega","Lunala ","Mto Lunala","Batch1",8,12.826,7.871,"Mto Lunala","Busega",784.74,2021-07-23,2109.957495976,213.105707093576,1170.49631127516,1063.94345772838,5,142
"48","Busega_Mto Lunala","Busega","Lunala ","Mto Lunala","Batch1",9,9.87,6.162,"Mto Lunala","Busega",38,2021-07-23,961.504803,97.111985103,1170.49631127516,1121.94031872366,5,142
"49","Busega_Mto Lunala","Busega","Lunala ","Mto Lunala","Batch1",3,12.434,7.882,"Mto Lunala","Busega",838.86,2021-08-25,1922.350562504,194.157406812904,1189.77712924448,995.619722431574,7,175
"50","Busega_Mto Lunala","Busega","Lunala ","Mto Lunala","Batch1",4,11.61,6.663,"Mto Lunala","Busega",23,2021-08-25,1564.936281,158.058564381,1189.77712924448,1031.71856486348,7,175
"51","Busega_Mto Lunala","Busega","Lunala ","Mto Lunala","Batch1",5,11.578,9.4,"Mto Lunala","Busega",18,2021-08-25,1552.031872552,156.755219127752,1189.77712924448,1033.02191011673,7,175
"52","Busega_Mto Lunala","Busega","Lunala ","Mto Lunala","Batch1",7,12.189,9.202,"Mto Lunala","Busega",546.612,2021-08-25,1810.940707269,182.905011434169,1189.77712924448,1006.87211781031,7,175
"53","Busega_Mto Lunala","Busega","Lunala ","Mto Lunala","Batch1",6,13.478,8.834,"Mto Lunala","Busega",35,2021-09-22,2448.366091352,247.284975226552,2730.8995987892,2483.61462356265,13,203
"55","Busega_Mto wa Makuyuda Mwabagikulu","Busega","Lunala ","Mto wa Makuyuda Mwabagikulu","Batch1",15,11.593,6.913,"Mto wa Makuyuda Mwabagikulu","Busega",1,2021-05-27,1558.071944857,157.365266430557,11889.5655145401,11810.8828813249,50,85
"56","Busega_Mto wa Makuyuda Mwabagikulu","Busega","Lunala ","Mto wa Makuyuda Mwabagikulu","Batch2",6,11.661,9.937,"Mto wa Makuyuda Mwabagikulu","Busega",1,2021-05-27,1585.650197781,160.150669975881,11889.5655145401,11809.4901795522,50,85
"57","Busega_Mto wa Makuyuda Mwabagikulu","Busega","Lunala ","Mto wa Makuyuda Mwabagikulu","Batch2",25,12.976,7.498,"Mto wa Makuyuda Mwabagikulu","Busega",42,2021-05-27,2184.854450176,220.670299467776,11889.5655145401,11779.2303648063,50,85
"58","Busega_Mto wa Makuyuda Mwabagikulu","Busega","Lunala ","Mto wa Makuyuda Mwabagikulu","Batch2",27,14.48,8.741,"Mto wa Makuyuda Mwabagikulu","Busega",1699.368,2021-05-27,3036.027392,306.638766592,11889.5655145401,11736.2461312441,50,85
"59","Busega_Mto wa Makuyuda Mwabagikulu","Busega","Lunala ","Mto wa Makuyuda Mwabagikulu","Batch3",3,15.452,8.537,"Mto wa Makuyuda Mwabagikulu","Busega",39,2021-05-27,3689.386025408,372.627988566208,11889.5655145401,11703.251520257,50,85
"60","Busega_Mto wa Makuyuda Mwabagikulu","Busega","Lunala ","Mto wa Makuyuda Mwabagikulu","Batch3",4,17.614,10.103,"Mto wa Makuyuda Mwabagikulu","Busega",1,2021-05-27,5464.796271544,551.944423425944,11889.5655145401,11613.5933028272,50,85
"61","Busega_Mto wa Makuyuda Mwabagikulu","Busega","Lunala ","Mto wa Makuyuda Mwabagikulu","Batch3",23,13.404,8.399,"Mto wa Makuyuda Mwabagikulu","Busega",1,2021-05-27,2408.259363264,243.234195689664,11889.5655145401,11767.9484166953,50,85
"62","Busega_Mto wa Makuyuda Mwabagikulu","Busega","Lunala ","Mto wa Makuyuda Mwabagikulu","Batch3",24,13.831,10.799,"Mto wa Makuyuda Mwabagikulu","Busega",18,2021-05-27,2645.822735191,267.228096254291,11889.5655145401,11755.951466413,50,85
"63","Busega_Mto wa Makuyuda Mwabagikulu","Busega","Lunala ","Mto wa Makuyuda Mwabagikulu","Batch1",5,12.177,8.308,"Mto wa Makuyuda Mwabagikulu","Busega",1,2021-07-23,1805.597389233,182.365336312533,8630.70223096564,8539.51956280938,45,142
"64","Busega_Mto wa Makuyuda Mwabagikulu","Busega","Lunala ","Mto wa Makuyuda Mwabagikulu","Batch1",6,13.023,8.495,"Mto wa Makuyuda Mwabagikulu","Busega",1288.056,2021-07-23,2208.681643167,223.076845959867,8630.70223096564,8519.16380798571,45,142
"65","Busega_Mto wa Makuyuda Mwabagikulu","Busega","Lunala ","Mto wa Makuyuda Mwabagikulu","Batch1",7,11.994,7.35,"Mto wa Makuyuda Mwabagikulu","Busega",1,2021-07-23,1725.409295784,174.266338874184,8630.70223096564,8543.56906152855,45,142
"66","Busega_Mto wa Makuyuda Mwabagikulu","Busega","Lunala ","Mto wa Makuyuda Mwabagikulu","Batch1",22,15.506,9.15,"Mto wa Makuyuda Mwabagikulu","Busega",1,2021-07-23,3728.201174216,376.548318595816,8630.70223096564,8442.42807166774,45,142
"67","Busega_Mto wa Makuyuda Mwabagikulu","Busega","Lunala ","Mto wa Makuyuda Mwabagikulu","Batch1",29,13.74,8.823,"Mto wa Makuyuda Mwabagikulu","Busega",1,2021-07-23,2593.941624,261.988104024,8630.70223096564,8499.70817895364,45,142
"68","Busega_Mto wa Makuyuda Mwabagikulu","Busega","Lunala ","Mto wa Makuyuda Mwabagikulu","Batch2",5,11.254,7.222,"Mto wa Makuyuda Mwabagikulu","Busega",1,2021-07-23,1425.347415064,143.960088921464,8630.70223096564,8558.72218650491,45,142
"69","Busega_Mto wa Makuyuda Mwabagikulu","Busega","Lunala ","Mto wa Makuyuda Mwabagikulu","Batch2",6,12.006,6.654,"Mto wa Makuyuda Mwabagikulu","Busega",687.324,2021-07-23,1730.593296216,174.789922917816,8630.70223096564,8543.30726950674,45,142
"70","Busega_Mto wa Makuyuda Mwabagikulu","Busega","Lunala ","Mto wa Makuyuda Mwabagikulu","Batch2",7,9.268,6.764,"Mto wa Makuyuda Mwabagikulu","Busega",1,2021-07-23,796.082496832,80.404332180032,8630.70223096564,8590.50006487563,45,142
"71","Busega_Mto wa Makuyuda Mwabagikulu","Busega","Lunala ","Mto wa Makuyuda Mwabagikulu","Batch2",13,11.265,5.963,"Mto wa Makuyuda Mwabagikulu","Busega",110,2021-07-23,1429.531034625,144.382634497125,8630.70223096564,8558.51091371708,45,142
"72","Busega_Mto wa Makuyuda Mwabagikulu","Busega","Lunala ","Mto wa Makuyuda Mwabagikulu","Batch2",18,11.652,7.448,"Mto wa Makuyuda Mwabagikulu","Busega",763.092,2021-07-23,1581.981599808,159.780141580608,8630.70223096564,8550.81216017534,45,142
"73","Busega_Mto wa Makuyuda Mwabagikulu","Busega","Lunala ","Mto wa Makuyuda Mwabagikulu","Batch2",25,14.082,8.133,"Mto wa Makuyuda Mwabagikulu","Busega",1,2021-07-23,2792.498959368,282.042394896168,8630.70223096564,8489.68103351756,45,142
"74","Busega_Mto wa Makuyuda Mwabagikulu","Busega","Lunala ","Mto wa Makuyuda Mwabagikulu","Batch2",29,14.113,8.377,"Mto wa Makuyuda Mwabagikulu","Busega",692.736,2021-07-23,2810.981740897,283.909155830597,8630.70223096564,8488.74765305035,45,142
"75","Busega_Mto wa Makuyuda Mwabagikulu","Busega","Lunala ","Mto wa Makuyuda Mwabagikulu","Batch1",1,16.428,9.051,"Mto wa Makuyuda Mwabagikulu","Busega",1,2021-08-25,4433.575234752,447.791098709952,4698.75881169836,4250.96771298841,26,175
"76","Busega_Mto wa Makuyuda Mwabagikulu","Busega","Lunala ","Mto wa Makuyuda Mwabagikulu","Batch1",5,10.888,7.765,"Mto wa Makuyuda Mwabagikulu","Busega",1320.528,2021-08-25,1290.756547072,130.366411254272,4698.75881169836,4568.39240044409,26,175
"77","Busega_Mto wa Makuyuda Mwabagikulu","Busega","Lunala ","Mto wa Makuyuda Mwabagikulu","Batch1",9,13.376,7.637,"Mto wa Makuyuda Mwabagikulu","Busega",703.56,2021-08-25,2393.198821376,241.713080958976,4698.75881169836,4457.04573073939,26,175
"78","Busega_Mto wa Makuyuda Mwabagikulu","Busega","Lunala ","Mto wa Makuyuda Mwabagikulu","Batch1",16,12.814,9.251,"Mto wa Makuyuda Mwabagikulu","Busega",1060.752,2021-08-25,2104.040809144,212.508121723544,4698.75881169836,4486.25068997482,26,175
"79","Busega_Mto wa Makuyuda Mwabagikulu","Busega","Lunala ","Mto wa Makuyuda Mwabagikulu","Batch1",25,10.957,8.526,"Mto wa Makuyuda Mwabagikulu","Busega",654.852,2021-08-25,1315.451937493,132.860645686793,4698.75881169836,4565.89816601157,26,175
"80","Busega_Lambo la Mwangimu","Busega","Mkula ","Lambo la Mwangimu","Batch1",20,8.545,4.568,"Lambo la Mwangimu","Busega",121,2021-07-22,623.930478625,63.016978341125,1996.70292389399,1965.19443472343,20.5,141
"81","Busega_Lambo la Mwangimu","Busega","Mkula ","Lambo la Mwangimu","Batch1",7,12.836,8.066,"Lambo la Mwangimu","Busega",1185.228,2021-08-26,2114.896533056,213.604549838656,2479.15646527377,2265.55191543512,27,176
"82","Busega_Lambo la Mwangimu","Busega","Mkula ","Lambo la Mwangimu","Batch1",8,12.94,9.505,"Lambo la Mwangimu","Busega",1,2021-08-26,2166.720184,218.838738584,2479.15646527377,2260.31772668977,27,176
"83","Busega_Lambo la Mwangimu","Busega","Mkula ","Lambo la Mwangimu","Batch1",12,9.459,5.41,"Lambo la Mwangimu","Busega",1,2021-08-26,846.322089579,85.478531047479,2479.15646527377,2393.67793422629,27,176
"84","Busega_Lambo la Mwangimu","Busega","Mkula ","Lambo la Mwangimu","Batch1",14,11.577,6.373,"Lambo la Mwangimu","Busega",74,2021-08-26,1551.629757033,156.714605460333,2479.15646527377,2322.44185981344,27,176
"85","Busega_Lambo la Mwangimu","Busega","Mkula ","Lambo la Mwangimu","Batch1",2,9.553,6.543,"Lambo la Mwangimu","Busega",1001.22,2021-09-25,871.804955377,88.052300493077,966.268805769809,878.216505276732,10,206
"86","Busega_Lambo la Wachina","Busega","Mkula ","Lambo la Wachina","Batch2",1,13.673,9.366,"Lambo la Wachina","Busega",708.972,2021-04-30,2556.180052217,258.174185273917,4950.43662325295,4821.34953061599,25.5,58
"87","Busega_Lambo la Wachina","Busega","Mkula ","Lambo la Wachina","Batch2",3,14.002,8.875,"Lambo la Wachina","Busega",1,2021-04-30,2745.176168008,277.262792968808,4950.43662325295,4811.80522676855,25.5,58
"88","Busega_Lambo la Wachina","Busega","Mkula ","Lambo la Wachina","Batch2",4,12.173,6.969,"Lambo la Wachina","Busega",161,2021-04-30,1803.818621717,182.185680793417,4950.43662325295,4859.34378285625,25.5,58
"89","Busega_Lambo la Wachina","Busega","Mkula ","Lambo la Wachina","Batch2",9,12.596,8.543,"Lambo la Wachina","Busega",1,2021-04-30,1998.471484736,201.845619958336,4950.43662325295,4849.51381327379,25.5,58
"90","Busega_Lambo la Wachina","Busega","Mkula ","Lambo la Wachina","Batch2",15,11.594,6.717,"Lambo la Wachina","Busega",1,2021-04-30,1558.475172584,157.405992430984,4950.43662325295,4871.73362703746,25.5,58
"91","Busega_Lambo la Wachina","Busega","Mkula ","Lambo la Wachina","Batch1",6,15.075,9.451,"Lambo la Wachina","Busega",97,2021-07-22,3425.878546875,346.013733234375,4359.11223629463,4186.10536967744,29.5,141
"92","Busega_Lambo la Wachina","Busega","Mkula ","Lambo la Wachina","Batch1",10,9.956,6.552,"Lambo la Wachina","Busega",23,2021-07-22,986.857994816,99.672657476416,4359.11223629463,4309.27590755642,29.5,141
"93","Busega_Lambo la Wachina","Busega","Mkula ","Lambo la Wachina","Batch1",9,8.91,7.248,"Lambo la Wachina","Busega",1,2021-08-26,707.347971,71.442145071,10524.3770158781,10452.9348708071,95,176
"94","Busega_Lambo la Wachina","Busega","Mkula ","Lambo la Wachina","Batch1",28,10.457,6.385,"Lambo la Wachina","Busega",503.316,2021-08-26,1143.460913993,115.489552313293,10524.3770158781,10408.8874635648,95,176
"95","Busega_Lambo la Wachina","Busega","Mkula ","Lambo la Wachina","Batch2",18,13.022,7.593,"Lambo la Wachina","Busega",1,2021-08-26,2208.172886648,223.025461551448,10524.3770158781,10301.3515543266,95,176
"96","Busega_Lambo la Wachina","Busega","Mkula ","Lambo la Wachina","Batch1",2,12.669,7.129,"Lambo la Wachina","Busega",19,2021-09-25,2033.419614309,205.375381045209,1882.83244945394,1677.45706840873,18,206
"97","Busega_Lambo la Wachina","Busega","Mkula ","Lambo la Wachina","Batch1",14,12.004,7.897,"Lambo la Wachina","Busega",460.02,2021-09-25,1729.728576064,174.702586182464,1882.83244945394,1708.12986327147,18,206
"102","Busega_Lambo la Mwabasabi","Busega","Ng_wanhale ","Lambo la Mwabasabi","Batch1",1,13.782,8.032,"Lambo la Mwabasabi","Busega",1,2021-04-30,2617.801647768,264.397966424568,19061.2147965821,18929.0158133698,75.5,58
"103","Busega_Lambo la Mwabasabi","Busega","Ng_wanhale ","Lambo la Mwabasabi","Batch1",8,13.257,7.744,"Lambo la Mwabasabi","Busega",1,2021-04-30,2329.891885593,235.319080444893,19061.2147965821,18943.5552563597,75.5,58
"104","Busega_Lambo la Mwabasabi","Busega","Ng_wanhale ","Lambo la Mwabasabi","Batch1",13,11.84,7.505,"Lambo la Mwabasabi","Busega",22,2021-04-30,1659.797504,167.639547904,19061.2147965821,18977.3950226301,75.5,58
"105","Busega_Lambo la Mwabasabi","Busega","Ng_wanhale ","Lambo la Mwabasabi","Batch1",22,14.556,8.683,"Lambo la Mwabasabi","Busega",39,2021-04-30,3084.083591616,311.492442753216,19061.2147965821,18905.4685752055,75.5,58
"106","Busega_Lambo la Mwabasabi","Busega","Ng_wanhale ","Lambo la Mwabasabi","Batch2",21,12.407,7.56,"Lambo la Mwabasabi","Busega",74,2021-04-30,1909.854783143,192.895333097443,19061.2147965821,18964.7671300334,75.5,58
"107","Busega_Lambo la Mwabasabi","Busega","Ng_wanhale ","Lambo la Mwabasabi","Batch3",9,11.453,7.68,"Lambo la Mwabasabi","Busega",1,2021-04-30,1502.303856677,151.732689524377,19061.2147965821,18985.3484518199,75.5,58
"108","Busega_Lambo la Mwabasabi","Busega","Ng_wanhale ","Lambo la Mwabasabi","Batch3",10,12.22,7.773,"Lambo la Mwabasabi","Busega",1,2021-04-30,1824.793048,184.304097848,19061.2147965821,18969.0627476581,75.5,58
"109","Busega_Lambo la Mwabasabi","Busega","Ng_wanhale ","Lambo la Mwabasabi","Batch3",14,10.857,6.791,"Lambo la Mwabasabi","Busega",19,2021-04-30,1279.762892793,129.256052172093,19061.2147965821,18996.5867704961,75.5,58
"110","Busega_Lambo la Mwabasabi","Busega","Ng_wanhale ","Lambo la Mwabasabi","Batch3",23,14.081,8.3,"Lambo la Mwabasabi","Busega",7,2021-04-30,2791.904093441,281.982313437541,19061.2147965821,18920.2236398633,75.5,58
"111","Busega_Lambo la Mwabasabi","Busega","Ng_wanhale ","Lambo la Mwabasabi","Batch3",27,14.121,8.637,"Lambo la Mwabasabi","Busega",1,2021-04-30,2815.764693561,284.392234049661,19061.2147965821,18919.0186795573,75.5,58
"112","Busega_Lambo la Mwabasabi","Busega","Ng_wanhale ","Lambo la Mwabasabi","Batch4",18,13.862,8.078,"Lambo la Mwabasabi","Busega",137,2021-04-30,2663.653219928,269.028975212728,19061.2147965821,18926.7003089757,75.5,58
"113","Busega_Lambo la Mwabasabi","Busega","Ng_wanhale ","Lambo la Mwabasabi","Batch4",24,15.682,9.306,"Lambo la Mwabasabi","Busega",1,2021-04-30,3856.597794568,389.516377251368,19061.2147965821,18866.4566079564,75.5,58
"114","Busega_Lambo la Mwabasabi","Busega","Ng_wanhale ","Lambo la Mwabasabi","Batch5",6,13.469,9.002,"Lambo la Mwabasabi","Busega",43,2021-04-30,2443.464640709,246.789928711609,19061.2147965821,18937.8198322263,75.5,58
"115","Busega_Lambo la Mwabasabi","Busega","Ng_wanhale ","Lambo la Mwabasabi","Batch5",9,12.2,7.46,"Lambo la Mwabasabi","Busega",86,2021-04-30,1815.848,183.400648,19061.2147965821,18969.5144725821,75.5,58
"116","Busega_Lambo la Mwabasabi","Busega","Ng_wanhale ","Lambo la Mwabasabi","Batch1",1,15.474,7.859,"Lambo la Mwabasabi","Busega",98,2021-07-22,3705.166916424,374.221858558824,1767.81208716271,1580.7011578833,10.5,141
"117","Busega_Lambo la Mwabasabi","Busega","Ng_wanhale ","Lambo la Mwabasabi","Batch1",4,11.946,6.848,"Lambo la Mwabasabi","Busega",936.276,2021-07-22,1704.776818536,172.182458672136,1767.81208716271,1681.72085782664,10.5,141
"118","Busega_Lambo la Mwabasabi","Busega","Ng_wanhale ","Lambo la Mwabasabi","Batch1",8,11.112,7.545,"Lambo la Mwabasabi","Busega",800.976,2021-07-22,1372.071356928,138.579207049728,1767.81208716271,1698.52248363784,10.5,141
"119","Busega_Lambo la Mwabasabi","Busega","Ng_wanhale ","Lambo la Mwabasabi","Batch1",11,11.866,6.353,"Lambo la Mwabasabi","Busega",161,2021-07-22,1670.756009896,168.746356999496,1767.81208716271,1683.43890866296,10.5,141
"120","Busega_Lambo la Mwabasabi","Busega","Ng_wanhale ","Lambo la Mwabasabi","Batch1",14,10.32,6.959,"Lambo la Mwabasabi","Busega",90,2021-07-22,1099.104768,111.009581568,1767.81208716271,1712.30729637871,10.5,141
"121","Busega_Lambo la Mwabasabi","Busega","Ng_wanhale ","Lambo la Mwabasabi","Batch1",15,12.041,6.387,"Lambo la Mwabasabi","Busega",119,2021-07-22,1745.772584921,176.323031077021,1767.81208716271,1679.6505716242,10.5,141
"122","Busega_Lambo la Mwabasabi","Busega","Ng_wanhale ","Lambo la Mwabasabi","Batch1",19,8.869,5.441,"Lambo la Mwabasabi","Busega",1087.812,2021-07-22,697.628098909,70.460437989809,1767.81208716271,1732.5818681678,10.5,141
"123","Busega_Lambo la Mwabasabi","Busega","Ng_wanhale ","Lambo la Mwabasabi","Batch1",20,11.675,8.189,"Lambo la Mwabasabi","Busega",1325.94,2021-07-22,1591.368171875,160.728185359375,1767.81208716271,1687.44799448302,10.5,141
"131","Busega_Kisima cha Ng'wamashoka","Busega","Shigala ","Kisima cha Ng'wamashoka","Batch1",13,17.015,10.87,"Kisima cha Ng'wamashoka","Busega",1071.576,2021-05-31,4926.016478375,497.527664315875,30707.6871812377,30458.9233490798,50,89
"132","Busega_Kisima cha Ng'wamashoka","Busega","Shigala ","Kisima cha Ng'wamashoka","Batch1",14,18.312,12.031,"Kisima cha Ng'wamashoka","Busega",25,2021-05-31,6140.550947328,620.195645680128,30707.6871812377,30397.5893583977,50,89
"133","Busega_Kisima cha Ng'wamashoka","Busega","Shigala ","Kisima cha Ng'wamashoka","Batch1",17,17.013,9.562,"Kisima cha Ng'wamashoka","Busega",1,2021-05-31,4924.279621197,497.352241740897,30707.6871812377,30459.0110603673,50,89
"134","Busega_Kisima cha Ng'wamashoka","Busega","Shigala ","Kisima cha Ng'wamashoka","Batch1",26,19.96,11.811,"Kisima cha Ng'wamashoka","Busega",692.736,2021-05-31,7952.095936,803.161689536,30707.6871812377,30306.1063364697,50,89
"135","Busega_Kisima cha Ng'wamashoka","Busega","Shigala ","Kisima cha Ng'wamashoka","Batch1",27,19.103,12.501,"Kisima cha Ng'wamashoka","Busega",557.436,2021-05-31,6971.154805727,704.086635378427,30707.6871812377,30355.6438635485,50,89
"136","Busega_Kisima cha Ng'wamashoka","Busega","Shigala ","Kisima cha Ng'wamashoka","Batch1",29,17.136,10.379,"Kisima cha Ng'wamashoka","Busega",142,2021-05-31,5031.857811456,508.217638957056,30707.6871812377,30453.5783617592,50,89
"137","Busega_Kisima cha Ng'wamashoka","Busega","Shigala ","Kisima cha Ng'wamashoka","Batch2",18,17.456,12.743,"Kisima cha Ng'wamashoka","Busega",1,2021-05-31,5319.051554816,537.224207036416,30707.6871812377,30439.0750777195,50,89
"138","Busega_Kisima cha Ng'wamashoka","Busega","Shigala ","Kisima cha Ng'wamashoka","Batch2",19,20.43,13.005,"Kisima cha Ng'wamashoka","Busega",159,2021-05-31,8527.173507,861.244524207,30707.6871812377,30277.0649191342,50,89
"139","Busega_Kisima cha Ng'wamashoka","Busega","Shigala ","Kisima cha Ng'wamashoka","Batch2",23,21.991,12.555,"Kisima cha Ng'wamashoka","Busega",1,2021-05-31,10634.937345271,1074.12867187237,30707.6871812377,30170.6228453015,50,89
"140","Busega_Kisima cha Ng'wamashoka","Busega","Shigala ","Kisima cha Ng'wamashoka","Batch3",21,18.534,11.663,"Kisima cha Ng'wamashoka","Busega",162,2021-05-31,6366.598697304,643.026468427704,30707.6871812377,30386.1739470239,50,89
"142","Kishapu_Bwawa la Mhumbu","Kishapu","Mwigumbi ","Bwawa la Mhumbu","Batch1",8,8.303,5.637,"Bwawa la Mhumbu","Kishapu",153,2021-06-06,572.407234127,57.813130646827,1605.97004358459,1577.06347826117,10.5,95
"143","Kishapu_Bwawa la Mhumbu","Kishapu","Mwigumbi ","Bwawa la Mhumbu","Batch1",11,9.36,6.806,"Bwawa la Mhumbu","Kishapu",82,2021-06-06,820.025856,82.822611456,1605.97004358459,1564.55873785659,10.5,95
"146","Kwimba_Lambo la Igolola","Kwimba","Mwabaratulu ","Lambo la Igolola","Batch1",3,12.39,7.838,"Lambo la Igolola","Kwimba",118,2021-06-03,1902.014919,192.103506819,3217.46607423894,3121.41432082944,8.5,92
"149","Kwimba_Lambo la Makologa","Kwimba","Mwabaratulu ","Lambo la Makologa","Batch1",2,16.179,9.278,"Lambo la Makologa","Kwimba",1,2021-06-03,4235.015703339,427.736586037239,13740.6922124553,13526.8239194367,55,92
"150","Kwimba_Lambo la Makologa","Kwimba","Mwabaratulu ","Lambo la Makologa","Batch2",4,16.049,8.833,"Lambo la Makologa","Kwimba",649.44,2021-06-03,4133.747365649,417.508483930549,13740.6922124553,13531.93797049,55,92
"153","Magu_Lambo la Joseph Mayunga","Magu","Iseni ","Lambo la Joseph Mayunga","Batch3",1,17.196,9.544,"Lambo la Joseph Mayunga","Magu",83,2021-04-17,5084.898745536,513.574773299136,30312.9468399917,30056.1594533421,61,45
"154","Magu_Lambo la Joseph Mayunga","Magu","Iseni ","Lambo la Joseph Mayunga","Batch3",17,13.967,9.218,"Lambo la Joseph Mayunga","Magu",63,2021-04-17,2724.641702063,275.188811908363,30312.9468399917,30175.3524340375,61,45
"159","Magu_Lambo la Luhya Kihinu","Magu","Kitongo ","Lambo la Luhya Kihinu","Batch1",31,14.515,7.416,"Lambo la Luhya Kihinu","Magu",1,2021-04-12,3058.096040875,308.867700128375,6268.53930326877,6114.10545320458,16,40
"160","Magu_Lambo la Luhya Kihinu","Magu","Kitongo ","Lambo la Luhya Kihinu","Batch1",3,15.388,9.147,"Lambo la Luhya Kihinu","Magu",22,2021-07-15,3643.732891072,368.017021998272,710.683474522275,526.674963523139,2,134
"164","Magu_Lambo la kwa Shahani","Magu","Mahaha ","Lambo la kwa Shahani","Batch1",12,17.768,8.263,"Lambo la kwa Shahani","Magu",18,2021-05-21,5609.390008832,566.548390892032,8491.81310499121,8208.5389095452,22,79
"166","Magu_Lambo la Shule ya Msingi","Magu","Mahaha ","Lambo la Shule ya Msingi","Batch1",2,13.861,7.125,"Lambo la Shule ya Msingi","Magu",1,2021-05-21,2663.076796381,268.970756434481,4644.28567346278,4509.80029524554,37.5,79
"174","Magu_Lambo la kwa Maja","Magu","Salongwe ","Lambo la kwa Maja","Batch2",3,16.832,8.989,"Lambo la kwa Maja","Magu",1,2021-04-11,4768.778682368,481.646646919168,19854.3109390316,19613.487615572,34.5,39
"175","Magu_Lambo la kwa Maja","Magu","Salongwe ","Lambo la kwa Maja","Batch2",26,18.652,9.722,"Lambo la kwa Maja","Magu",1,2021-04-11,6488.976783808,655.386655164608,19854.3109390316,19526.6176114493,34.5,39
"178","Misungwi_Lambo la Igogo","Misungwi","Buganda ","Lambo la Igogo","Batch1",1,16.6,10.429,"Lambo la Igogo","Misungwi",714.384,2021-06-10,4574.296,462.003896,8150.73388287142,7919.73193487142,12.5,99
"179","Misungwi_Lambo la Igogo","Misungwi","Buganda ","Lambo la Igogo","Batch1",20,17.76,9.816,"Lambo la Igogo","Misungwi",29,2021-06-10,5601.816576,565.783474176,8150.73388287142,7867.84214578342,12.5,99
"180","Misungwi_Lambo la Igogo","Misungwi","Buganda ","Lambo la Igogo","Batch2",17,14.665,8.243,"Lambo la Igogo","Misungwi",10,2021-09-03,3153.887529625,318.542640492125,29370.1827334964,29051.6400930042,99,184
"181","Misungwi_Lambo la Igogo","Misungwi","Buganda ","Lambo la Igogo","Batch1",23,12.202,6.869,"Lambo la Igogo","Misungwi",86,2021-09-03,1816.741186408,183.490859827208,29370.1827334964,29186.6918736692,99,184
"182","Misungwi_Lambo la Igogo","Misungwi","Buganda ","Lambo la Igogo","Batch1",31,9.556,6.851,"Lambo la Igogo","Misungwi",1168.992,2021-09-03,872.626551616,88.135281713216,29370.1827334964,29282.0474517831,99,184
"183","Misungwi_Lambo la Igogo","Misungwi","Buganda ","Lambo la Igogo","Batch3",14,11.726,6.637,"Lambo la Igogo","Misungwi",1,2021-09-03,1612.314165176,162.843730682776,29370.1827334964,29207.3390028136,99,184
"184","Misungwi_Lambo la Igogo","Misungwi","Buganda ","Lambo la Igogo","Batch1",17,10.498,6.633,"Lambo la Igogo","Misungwi",33,2021-09-24,1156.963625992,116.853326225192,10530.7200884771,10413.8667622519,48,205
"185","Misungwi_Lambo la Igogo","Misungwi","Buganda ","Lambo la Igogo","Batch2",6,7.251,5.531,"Lambo la Igogo","Misungwi",108,2021-09-24,381.235834251,38.504819259351,10530.7200884771,10492.2152692177,48,205
"186","Misungwi_Lambo la Igogo","Misungwi","Buganda ","Lambo la Igogo","Batch2",8,11.115,7.61,"Lambo la Igogo","Misungwi",397,2021-09-24,1373.182945875,138.691477533375,10530.7200884771,10392.0286109437,48,205
"190","Misungwi_Bwawa la Galaya","Misungwi","Gambajiga ","Bwawa la Galaya","Batch1 ",7,18.822,11.25,"Bwawa la Galaya","Misungwi",1,2021-03-20,6668.026348248,673.470661173048,16941.7025478816,16604.9672172951,37,17
"191","Misungwi_Bwawa la Galaya","Misungwi","Gambajiga ","Bwawa la Galaya","Batch1 ",14,18.737,10.661,"Bwawa la Galaya","Misungwi",1,2021-03-20,6578.095441553,664.387639596853,16941.7025478816,16609.5087280832,37,17
"192","Misungwi_Bwawa la Galaya","Misungwi","Gambajiga ","Bwawa la Galaya","Batch1 ",21,19.825,11.187,"Bwawa la Galaya","Misungwi",1,2021-03-20,7791.832140625,786.975046203125,16941.7025478816,16548.2150247801,37,17
"193","Misungwi_Bwawa la Galaya","Misungwi","Gambajiga ","Bwawa la Galaya","Batch1 ",23,17.313,9.895,"Bwawa la Galaya","Misungwi",1,2021-03-20,5189.398083297,524.129206412997,16941.7025478816,16679.6379446751,37,17
"194","Misungwi_Bwawa la Galaya","Misungwi","Gambajiga ","Bwawa la Galaya","Batch2",4,18.901,12.031,"Bwawa la Galaya","Misungwi",20,2021-03-20,6752.340686701,681.986409356801,16941.7025478816,16600.7093432032,37,17
"195","Misungwi_Bwawa la Galaya","Misungwi","Gambajiga ","Bwawa la Galaya","Batch2",10,15.215,10.021,"Bwawa la Galaya","Misungwi",26,2021-03-20,3522.215063375,355.743721400875,16941.7025478816,16763.8306871812,37,17
"196","Misungwi_Bwawa la Galaya","Misungwi","Gambajiga ","Bwawa la Galaya","Batch2",20,12.34,7.766,"Bwawa la Galaya","Misungwi",69,2021-03-20,1879.080904,189.787171304,16941.7025478816,16846.8089622296,37,17
"197","Misungwi_Bwawa la Galaya","Misungwi","Gambajiga ","Bwawa la Galaya","Batch2",21,13.297,7.637,"Bwawa la Galaya","Misungwi",57,2021-03-20,2351.045349073,237.455580256373,16941.7025478816,16822.9747577535,37,17
"198","Misungwi_Bwawa la Galaya","Misungwi","Gambajiga ","Bwawa la Galaya","Batch2",22,14.155,8.099,"Bwawa la Galaya","Misungwi",1,2021-03-20,2836.152773875,286.451430161375,16941.7025478816,16798.476832801,37,17
"199","Misungwi_Bwawa la Galaya","Misungwi","Gambajiga ","Bwawa la Galaya","Batch2",28,16.723,8.826,"Bwawa la Galaya","Misungwi",68,2021-03-20,4676.732925067,472.350025431767,16941.7025478816,16705.5275351658,37,17
"200","Misungwi_Bwawa la Galaya","Misungwi","Gambajiga ","Bwawa la Galaya","Batch1",10,17.806,11.928,"Bwawa la Galaya","Misungwi",167,2021-06-19,5645.457042616,570.191161304216,22662.0256431993,22376.9300625472,46,108
"201","Misungwi_Bwawa la Galaya","Misungwi","Gambajiga ","Bwawa la Galaya","Batch2",2,13.881,10.479,"Bwawa la Galaya","Misungwi",557.436,2021-06-19,2674.621076841,270.136728760941,22662.0256431993,22526.9572788189,46,108
"202","Misungwi_Bwawa la Galaya","Misungwi","Gambajiga ","Bwawa la Galaya","Batch2",17,16.7,11.514,"Bwawa la Galaya","Misungwi",708.972,2021-06-19,4657.463,470.403763,22662.0256431993,22426.8237616993,46,108
"203","Misungwi_Bwawa la Galaya","Misungwi","Gambajiga ","Bwawa la Galaya","Batch3",7,14.459,10.638,"Bwawa la Galaya","Misungwi",18,2021-06-19,3022.837304579,305.306567762479,22662.0256431993,22509.3723593181,46,108
"204","Misungwi_Bwawa la Galaya","Misungwi","Gambajiga ","Bwawa la Galaya","Batch3",14,16.29,12.051,"Bwawa la Galaya","Misungwi",790.152,2021-06-19,4322.781189,436.600900089,22662.0256431993,22443.7251931548,46,108
"205","Misungwi_Bwawa la Galaya","Misungwi","Gambajiga ","Bwawa la Galaya","Batch3",15,16.87,10.578,"Bwawa la Galaya","Misungwi",1087.812,2021-06-19,4801.149703,484.916120003,22662.0256431993,22419.5675831978,46,108
"206","Misungwi_Bwawa la Galaya","Misungwi","Gambajiga ","Bwawa la Galaya","Batch3",19,11.012,7.13,"Bwawa la Galaya","Misungwi",1,2021-06-19,1335.360753728,134.871436126528,22662.0256431993,22594.5899251361,46,108
"207","Misungwi_Bwawa la Galaya","Misungwi","Gambajiga ","Bwawa la Galaya","Batch3",22,18.873,11.969,"Bwawa la Galaya","Misungwi",53,2021-06-19,6722.376304617,678.960006766317,22662.0256431993,22322.5456398162,46,108
"208","Misungwi_Bwawa la Galaya","Misungwi","Gambajiga ","Bwawa la Galaya","Batch1",1,13.418,11.792,"Bwawa la Galaya","Misungwi",11,2021-09-04,2415.813270632,243.997140333832,8724.48670391733,8480.4895635835,30,185
"209","Misungwi_Bwawa la Galaya","Misungwi","Gambajiga ","Bwawa la Galaya","Batch1",2,15.815,11.767,"Bwawa la Galaya","Misungwi",16,2021-09-04,3955.556468375,399.511203305875,8724.48670391733,8324.97550061145,30,185
"210","Misungwi_Bwawa la Galaya","Misungwi","Gambajiga ","Bwawa la Galaya","Batch1",4,12.575,9.503,"Bwawa la Galaya","Misungwi",28,2021-09-04,1988.492609375,200.837753546875,8724.48670391733,8523.64895037045,30,185
"211","Misungwi_Bwawa la Galaya","Misungwi","Gambajiga ","Bwawa la Galaya","Batch1",11,14.304,8.834,"Bwawa la Galaya","Misungwi",1374.648,2021-09-04,2926.661566464,295.592818212864,8724.48670391733,8428.89388570446,30,185
"212","Misungwi_Bwawa la Galaya","Misungwi","Gambajiga ","Bwawa la Galaya","Batch1",17,14.594,9.757,"Bwawa la Galaya","Misungwi",1601.952,2021-09-04,3108.300696584,313.938370354984,8724.48670391733,8410.54833356234,30,185
"213","Misungwi_Bwawa la Galaya","Misungwi","Gambajiga ","Bwawa la Galaya","Batch1",19,13.992,9.344,"Bwawa la Galaya","Misungwi",795.564,2021-09-04,2739.298687488,276.669167436288,8724.48670391733,8447.81753648104,30,185
"214","Misungwi_Bwawa la Galaya","Misungwi","Gambajiga ","Bwawa la Galaya","Batch1",22,12.525,8.44,"Bwawa la Galaya","Misungwi",1,2021-09-04,1964.867203125,198.451587515625,8724.48670391733,8526.0351164017,30,185
"215","Misungwi_Bwawa la Galaya","Misungwi","Gambajiga ","Bwawa la Galaya","Batch1",24,14.323,8.176,"Bwawa la Galaya","Misungwi",725.208,2021-09-04,2938.339516267,296.772291142967,8724.48670391733,8427.71441277436,30,185
"216","Misungwi_Bwawa la Galaya","Misungwi","Gambajiga ","Bwawa la Galaya","Batch1",25,11.997,8.454,"Bwawa la Galaya","Misungwi",1,2021-09-04,1726.704323973,174.397136721273,8724.48670391733,8550.08956719606,30,185
"217","Misungwi_Bwawa la Galaya","Misungwi","Gambajiga ","Bwawa la Galaya","Batch1",8,16.368,10.304,"Bwawa la Galaya","Misungwi",3,2021-09-21,4385.174188032,442.902592991232,4879.71155647589,4436.80896348466,15,202
"221","Misungwi_Lambo la Ng'wamanonga","Misungwi","Gambajiga ","Lambo la Ng'wamanonga","Batch1",6,9.875,6.877,"Lambo la Ng'wamanonga","Misungwi",25,2021-03-20,962.966796875,97.259646484375,371.360109208945,322.730285966757,8,17
"226","Misungwi_Lambo la Sospeter Walwa","Misungwi","Ikungumhulu ","Lambo la Sospeter Walwa","Batch2",8,14.155,7.667,"Lambo la Sospeter Walwa","Misungwi",128,2021-05-15,2836.152773875,286.451430161375,9037.09054720872,8893.86483212803,93,73
"227","Misungwi_Lambo la Sospeter Walwa","Misungwi","Ikungumhulu ","Lambo la Sospeter Walwa","Batch1",6,11.176,8.036,"Lambo la Sospeter Walwa","Misungwi",149,2021-09-18,1395.915659776,140.987481637376,918.424221352502,777.436739715126,7,199
"231","Misungwi_Lambo la Ilinde kwa Lugonda","Misungwi","Maganzo ","Lambo la Ilinde kwa Lugonda","Batch1",8,15.765,9.701,"Lambo la Ilinde kwa Lugonda","Misungwi",1,2021-05-09,3918.157822125,395.733940034625,6281.14498808033,6083.27801806302,19,67
"232","Misungwi_Lambo la Ilinde kwa Lugonda","Misungwi","Maganzo ","Lambo la Ilinde kwa Lugonda","Batch1",14,7.419,4.857,"Lambo la Ilinde kwa Lugonda","Misungwi",1,2021-09-23,408.353341059,41.243687446959,5073.60953457547,5032.36584712852,48,204
"237","Misungwi_Kisima/Lambo John Mahugija","Misungwi","Mbela ","Kisima/Lambo John Mahugija","Batch3",1,10.966,7.191,"Kisima/Lambo John Mahugija","Misungwi",535.788,2021-03-11,1318.696108696,133.188306978296,12423.3865954293,12356.7924419402,55.5,8
"238","Misungwi_Kisima/Lambo John Mahugija","Misungwi","Mbela ","Kisima/Lambo John Mahugija","Batch3",18,11.919,8.216,"Kisima/Lambo John Mahugija","Misungwi",131,2021-03-11,1693.243664559,171.017610120459,12423.3865954293,12337.8777903691,55.5,8
"239","Misungwi_Kisima/Lambo John Mahugija","Misungwi","Mbela ","Kisima/Lambo John Mahugija","Batch3",25,14.348,9.991,"Kisima/Lambo John Mahugija","Misungwi",1087.812,2021-03-11,2953.752512192,298.329003731392,12423.3865954293,12274.2220935636,55.5,8
"240","Misungwi_Kisima/Lambo John Mahugija","Misungwi","Mbela ","Kisima/Lambo John Mahugija","Batch2",4,12.628,9.607,"Kisima/Lambo John Mahugija","Misungwi",1044.516,2021-03-11,2013.741497152,203.387891212352,12423.3865954293,12321.6926498231,55.5,8
"241","Misungwi_Kisima/Lambo John Mahugija","Misungwi","Mbela ","Kisima/Lambo John Mahugija","Batch2",29,12.945,8.606,"Kisima/Lambo John Mahugija","Misungwi",1114.872,2021-03-11,2169.232808625,219.092513671125,12423.3865954293,12313.8403385938,55.5,8
"242","Misungwi_Kisima/Lambo John Mahugija","Misungwi","Mbela ","Kisima/Lambo John Mahugija","Batch2",30,11.268,6.839,"Kisima/Lambo John Mahugija","Misungwi",492.492,2021-03-11,1430.673440832,144.498017524032,12423.3865954293,12351.1375866673,55.5,8
"243","Misungwi_Kisima/Lambo John Mahugija","Misungwi","Mbela ","Kisima/Lambo John Mahugija","Batch2",31,12.003,7.327,"Kisima/Lambo John Mahugija","Misungwi",589.908,2021-03-11,1729.296324027,174.658928726727,12423.3865954293,12336.057131066,55.5,8
"244","Misungwi_Kisima/Lambo John Mahugija","Misungwi","Mbela ","Kisima/Lambo John Mahugija","Batch1",7,13.697,11.022,"Kisima/Lambo John Mahugija","Misungwi",1477.476,2021-06-18,2569.664159873,259.536080147173,4188.01731354211,4058.24927346853,20,107
"245","Misungwi_Kisima/Lambo John Mahugija","Misungwi","Mbela ","Kisima/Lambo John Mahugija","Batch1",8,12.449,9.891,"Kisima/Lambo John Mahugija","Misungwi",1520.772,2021-06-18,1929.316154849,194.860931639749,4188.01731354211,4090.58684772224,20,107
"246","Misungwi_Kisima/Lambo John Mahugija","Misungwi","Mbela ","Kisima/Lambo John Mahugija","Batch1",31,14.912,9.912,"Kisima/Lambo John Mahugija","Misungwi",64,2021-06-18,3315.947798528,334.910727651328,4188.01731354211,4020.56194971645,20,107
"247","Misungwi_Kisima/Lambo John Mahugija","Misungwi","Mbela ","Kisima/Lambo John Mahugija","Batch1",32,13.46,10.586,"Kisima/Lambo John Mahugija","Misungwi",1742.664,2021-06-18,2438.569736,246.295543336,4188.01731354211,4064.86954187411,20,107
"248","Misungwi_Kisima/Lambo John Mahugija","Misungwi","Mbela ","Kisima/Lambo John Mahugija","Batch2",17,11.028,9.278,"Kisima/Lambo John Mahugija","Misungwi",1,2021-09-19,1341.189893952,135.460179289152,26462.4247414253,26326.9645621362,112,200
"249","Misungwi_Kisima/Lambo John Mahugija","Misungwi","Mbela ","Kisima/Lambo John Mahugija","Batch2",19,12.536,8.279,"Kisima/Lambo John Mahugija","Misungwi",1,2021-09-19,1970.048646656,198.974913312256,26462.4247414253,26263.4498281131,112,200
"250","Misungwi_Kisima/Lambo John Mahugija","Misungwi","Mbela ","Kisima/Lambo John Mahugija","Batch2",20,13.953,7.857,"Kisima/Lambo John Mahugija","Misungwi",1,2021-09-19,2716.456674177,274.362124091877,26462.4247414253,26188.0626173335,112,200
"251","Misungwi_Kisima/Lambo John Mahugija","Misungwi","Mbela ","Kisima/Lambo John Mahugija","Batch2",24,13.364,9.646,"Kisima/Lambo John Mahugija","Misungwi",1,2021-09-19,2386.763572544,241.063120826944,26462.4247414253,26221.3616205984,112,200
"253","Misungwi_Kisima cha Longo","Misungwi","Ng_obo ","Kisima cha Longo","Batch1",19,18.524,9.51,"Kisima cha Longo","Misungwi",990.396,2021-07-03,6356.298981824,641.986197164224,15615.9693519174,15294.9762533353,30.5,122
"254","Misungwi_Kisima cha Peter Masele","Misungwi","Ng_obo ","Kisima cha Peter Masele","Batch1",17,17.912,10.551,"Kisima cha Peter Masele","Misungwi",6391.572,2021-05-14,5746.881494528,580.435030947328,17716.2578095776,17426.040294104,39,72
"255","Misungwi_Kisima cha Peter Masele","Misungwi","Ng_obo ","Kisima cha Peter Masele","Batch1",32,17.433,10.237,"Kisima cha Peter Masele","Misungwi",2381.28,2021-05-14,5298.054121737,535.103466295437,17716.2578095776,17448.7060764299,39,72
"256","Misungwi_Kisima cha Peter Masele","Misungwi","Ng_obo ","Kisima cha Peter Masele","Batch2",14,17.511,9.809,"Kisima cha Peter Masele","Misungwi",7722.924,2021-05-14,5369.487603831,542.318247986931,17716.2578095776,17445.0986855842,39,72
"257","Misungwi_Kisima cha Peter Masele","Misungwi","Ng_obo ","Kisima cha Peter Masele","Batch2",18,20.109,9.674,"Kisima cha Peter Masele","Misungwi",108.24,2021-05-14,8131.514155029,821.282929657929,17716.2578095776,17305.6163447487,39,72
"258","Misungwi_Kisima cha Peter Masele","Misungwi","Ng_obo ","Kisima cha Peter Masele","Batch2",30,17.979,9.737,"Kisima cha Peter Masele","Misungwi",135.3,2021-05-14,5811.611804739,586.972792278639,17716.2578095776,17422.7714134383,39,72
"259","Misungwi_Kisima cha Peter Masele","Misungwi","Ng_obo ","Kisima cha Peter Masele","Batch1",15,13.527,9.494,"Kisima cha Peter Masele","Misungwi",1244.76,2021-07-03,2475.166794183,249.991846212483,25230.4076305276,25105.4117074213,49.5,122
"260","Misungwi_Kisima cha Peter Masele","Misungwi","Ng_obo ","Kisima cha Peter Masele","Batch2",19,12.936,7.751,"Kisima cha Peter Masele","Misungwi",1282.644,2021-07-03,2164.711481856,218.635859667456,25230.4076305276,25121.0897006939,49.5,122
"261","Misungwi_Kisima cha Peter Masele","Misungwi","Ng_obo ","Kisima cha Peter Masele","Batch3",1,17.102,10.096,"Kisima cha Peter Masele","Misungwi",51,2021-07-03,5001.965665208,505.198532186008,25230.4076305276,24977.8083644346,49.5,122
"262","Misungwi_Kisima cha Peter Masele","Misungwi","Ng_obo ","Kisima cha Peter Masele","Batch3",24,13.136,10.433,"Kisima cha Peter Masele","Misungwi",1547.832,2021-07-03,2266.675859456,228.934261805056,25230.4076305276,25115.9404996251,49.5,122
"263","Misungwi_Kisima cha Peter Masele","Misungwi","Ng_obo ","Kisima cha Peter Masele","Batch1",6,15.863,10.746,"Kisima cha Peter Masele","Misungwi",606.144,2021-09-01,3991.682340647,403.159916405347,15404.2906323414,15001.130715936,43,182
"264","Misungwi_Kisima cha Peter Masele","Misungwi","Ng_obo ","Kisima cha Peter Masele","Batch1",12,14.982,9.248,"Kisima cha Peter Masele","Misungwi",1764.312,2021-09-01,3362.864574168,339.649321990968,15404.2906323414,15064.6413103504,43,182
"265","Misungwi_Kisima cha Peter Masele","Misungwi","Ng_obo ","Kisima cha Peter Masele","Batch1",14,14.539,9.55,"Kisima cha Peter Masele","Misungwi",1645.248,2021-09-01,3073.290472819,310.402337754719,15404.2906323414,15093.8882945867,43,182
"266","Misungwi_Kisima cha Peter Masele","Misungwi","Ng_obo ","Kisima cha Peter Masele","Batch1",15,16.542,10.443,"Kisima cha Peter Masele","Misungwi",2191.86,2021-09-01,4526.515892088,457.178105100888,15404.2906323414,14947.1125272405,43,182
"267","Misungwi_Kisima cha Peter Masele","Misungwi","Ng_obo ","Kisima cha Peter Masele","Batch1",18,7.719,4.177,"Kisima cha Peter Masele","Misungwi",1066.164,2021-09-01,459.920875959,46.452008471859,15404.2906323414,15357.8386238695,43,182
"268","Misungwi_Kisima cha Peter Masele","Misungwi","Ng_obo ","Kisima cha Peter Masele","Batch1",19,9.779,5.395,"Kisima cha Peter Masele","Misungwi",492.492,2021-09-01,935.154436139,94.450598050039,15404.2906323414,15309.8400342913,43,182
"269","Misungwi_Kisima cha Peter Masele","Misungwi","Ng_obo ","Kisima cha Peter Masele","Batch1",22,15.88,9.353,"Kisima cha Peter Masele","Misungwi",3631.452,2021-09-01,4004.529472,404.457476672,15404.2906323414,14999.8331556694,43,182
"270","Misungwi_Kisima cha Peter Masele","Misungwi","Ng_obo ","Kisima cha Peter Masele","Batch1",32,13.161,9.775,"Kisima cha Peter Masele","Misungwi",47,2021-09-01,2279.642092281,230.243851320381,15404.2906323414,15174.046781021,43,182
"271","Misungwi_Kisima cha Peter Masele","Misungwi","Ng_obo ","Kisima cha Peter Masele","Batch2",4,14.62,8.833,"Kisima cha Peter Masele","Misungwi",2722.236,2021-09-01,3124.943128,315.619255928,15404.2906323414,15088.6713764134,43,182
"272","Misungwi_Kisima cha Peter Masele","Misungwi","Ng_obo ","Kisima cha Peter Masele","Batch1",3,17.859,9.794,"Kisima cha Peter Masele","Misungwi",1466.652,2021-09-19,5696.018770779,575.297895848679,9441.55028626552,8866.25239041684,49,200
"273","Misungwi_Kisima cha Peter Masele","Misungwi","Ng_obo ","Kisima cha Peter Masele","Batch1",6,13.444,9.036,"Kisima cha Peter Masele","Misungwi",1006.632,2021-09-19,2429.883832384,245.418267070784,9441.55028626552,9196.13201919474,49,200
"274","Misungwi_Kisima cha Peter Masele","Misungwi","Ng_obo ","Kisima cha Peter Masele","Batch1",7,16.754,11.432,"Kisima cha Peter Masele","Misungwi",1,2021-09-19,4702.789429064,474.981732335464,9441.55028626552,8966.56855393006,49,200
"275","Misungwi_Kisima cha Peter Masele","Misungwi","Ng_obo ","Kisima cha Peter Masele","Batch1",10,16.306,9.324,"Kisima cha Peter Masele","Misungwi",1076.988,2021-09-19,4335.531180616,437.888649242216,9441.55028626552,9003.6616370233,49,200
"276","Misungwi_Kisima cha Peter Masele","Misungwi","Ng_obo ","Kisima cha Peter Masele","Batch1",11,10.816,5.003,"Kisima cha Peter Masele","Misungwi",1288.056,2021-09-19,1265.319018496,127.797220868096,9441.55028626552,9313.75306539742,49,200
"277","Misungwi_Kisima cha Peter Masele","Misungwi","Ng_obo ","Kisima cha Peter Masele","Batch1",20,9.587,6.229,"Kisima cha Peter Masele","Misungwi",1120.284,2021-09-19,881.146625003,88.995809125303,9441.55028626552,9352.55447714022,49,200
"278","Misungwi_Kisima cha Peter Masele","Misungwi","Ng_obo ","Kisima cha Peter Masele","Batch1",28,13.512,8.984,"Kisima cha Peter Masele","Misungwi",1688.544,2021-09-19,2466.941833728,249.161125206528,9441.55028626552,9192.38916105899,49,200
"279","Misungwi_Kisima cha Peter Masele","Misungwi","Ng_obo ","Kisima cha Peter Masele","Batch2",10,7.542,5.91,"Kisima cha Peter Masele","Misungwi",1661.484,2021-09-19,429.002264088,43.329228672888,9441.55028626552,9398.22105759263,49,200
"280","Misungwi_Lambo la Budula","Misungwi","Ng_obo ","Lambo la Budula","Batch1",8,14.509,8.384,"Lambo la Budula","Misungwi",57,2021-05-14,3054.305274229,308.484832697129,44808.815190497,44654.5727741484,106,72
"281","Misungwi_Lambo la Budula","Misungwi","Ng_obo ","Lambo la Budula","Batch1",14,16.763,8.771,"Lambo la Budula","Misungwi",1,2021-05-14,4710.372306947,475.747603001647,44808.815190497,44570.9413889962,106,72
"282","Misungwi_Lambo la Budula","Misungwi","Ng_obo ","Lambo la Budula","Batch1",15,17.041,8.183,"Lambo la Budula","Misungwi",844.272,2021-05-14,4948.632799921,499.811912792021,44808.815190497,44558.909234101,106,72
"283","Misungwi_Lambo la Budula","Misungwi","Ng_obo ","Lambo la Budula","Batch1",28,17.45,9.044,"Lambo la Budula","Misungwi",1,2021-05-14,5313.568625,536.670431125,44808.815190497,44540.4799749345,106,72
"284","Misungwi_Lambo la Budula","Misungwi","Ng_obo ","Lambo la Budula","Batch2",1,13.211,8.552,"Lambo la Budula","Misungwi",80,2021-05-14,2305.722712931,232.877994006031,44808.815190497,44692.376193494,106,72
"285","Misungwi_Lambo la Budula","Misungwi","Ng_obo ","Lambo la Budula","Batch2",7,15.183,8.997,"Lambo la Budula","Misungwi",54,2021-05-14,3500.038133487,353.503851482187,44808.815190497,44632.0632647559,106,72
"286","Misungwi_Lambo la Budula","Misungwi","Ng_obo ","Lambo la Budula","Batch2",17,22.016,8.713,"Lambo la Budula","Misungwi",703.56,2021-05-14,10671.248900096,1077.7961389097,44808.815190497,44269.9171210421,106,72
"287","Misungwi_Lambo la Budula","Misungwi","Ng_obo ","Lambo la Budula","Batch2",20,19.64,9.399,"Lambo la Budula","Misungwi",1439.592,2021-05-14,7575.729344,765.148663744,44808.815190497,44426.240858625,106,72
"288","Misungwi_Lambo la Budula","Misungwi","Ng_obo ","Lambo la Budula","Batch2",24,15.169,10.272,"Lambo la Budula","Misungwi",616.968,2021-05-14,3490.365071809,352.526872252709,44808.815190497,44632.5517543706,106,72
"289","Misungwi_Lambo la Budula","Misungwi","Ng_obo ","Lambo la Budula","Batch2",26,18.795,10.833,"Lambo la Budula","Misungwi",1,2021-05-14,6639.371809875,670.576552797375,44808.815190497,44473.5269140983,106,72
"290","Misungwi_Lambo la Budula","Misungwi","Ng_obo ","Lambo la Budula","Batch2",27,15.546,9.051,"Lambo la Budula","Misungwi",1,2021-05-14,3757.127991336,379.469927124936,44808.815190497,44619.0802269345,106,72
"291","Misungwi_Lambo la Budula","Misungwi","Ng_obo ","Lambo la Budula","Batch3",10,16.188,8.021,"Lambo la Budula","Misungwi",1434.18,2021-05-14,4242.087156672,428.450802823872,44808.815190497,44594.589789085,106,72
"292","Misungwi_Lambo la Budula","Misungwi","Ng_obo ","Lambo la Budula","Batch3",19,15.083,7.66,"Lambo la Budula","Misungwi",362.604,2021-05-14,3431.335576787,346.564893255487,44808.815190497,44635.5327438692,106,72
"293","Misungwi_Lambo la Budula","Misungwi","Ng_obo ","Lambo la Budula","Batch3",21,16.089,8.373,"Lambo la Budula","Misungwi",324.72,2021-05-14,4164.732912969,420.638024209869,44808.815190497,44598.496178392,106,72
"294","Misungwi_Lambo la Budula","Misungwi","Ng_obo ","Lambo la Budula","Batch4",10,15.394,9.421,"Lambo la Budula","Misungwi",1260.996,2021-05-14,3647.996782984,368.447675081384,44808.815190497,44624.5913529563,106,72
"295","Misungwi_Lambo la Budula","Misungwi","Ng_obo ","Lambo la Budula","Batch4",11,17.607,9.736,"Lambo la Budula","Misungwi",211.068,2021-05-14,5458.283547543,551.286638301843,44808.815190497,44533.1718713461,106,72
"296","Misungwi_Lambo la Budula","Misungwi","Ng_obo ","Lambo la Budula","Batch4",13,13.32,7.895,"Lambo la Budula","Misungwi",15,2021-05-14,2363.266368,238.689903168,44808.815190497,44689.470238913,106,72
"297","Misungwi_Lambo la Budula","Misungwi","Ng_obo ","Lambo la Budula","Batch5",27,15.952,8.37,"Lambo la Budula","Misungwi",6207.564,2021-05-14,4059.246481408,409.983894622208,44808.815190497,44603.8232431859,106,72
"298","Misungwi_Lambo la Budula","Misungwi","Ng_obo ","Lambo la Budula","Batch5",30,16.008,8.905,"Lambo la Budula","Misungwi",1076.988,2021-05-14,4102.147072512,414.316854323712,44808.815190497,44601.6567633351,106,72
"299","Misungwi_Lambo la Budula","Misungwi","Ng_obo ","Lambo la Budula","Batch6",13,14.822,8.909,"Lambo la Budula","Misungwi",1044.516,2021-05-14,3256.270140248,328.883284165048,44808.815190497,44644.3735484145,106,72
"300","Misungwi_Lambo la Budula","Misungwi","Ng_obo ","Lambo la Budula","Batch6",16,20.124,9.763,"Lambo la Budula","Misungwi",432.96,2021-05-14,8149.724466624,823.122171129024,44808.815190497,44397.2541049325,106,72
"301","Misungwi_Lambo la Budula","Misungwi","Ng_obo ","Lambo la Budula","Batch6",20,18.998,9.282,"Lambo la Budula","Misungwi",1071.576,2021-05-14,6856.834227992,692.540257027192,44808.815190497,44462.5450619834,106,72
"302","Misungwi_Lambo la Budula","Misungwi","Ng_obo ","Lambo la Budula","Batch6",21,13.449,8.021,"Lambo la Budula","Misungwi",616.968,2021-05-14,2432.595957849,245.692191742749,44808.815190497,44685.9690946256,106,72
"303","Misungwi_Lambo la Budula","Misungwi","Ng_obo ","Lambo la Budula","Batch6",23,18.437,9.458,"Lambo la Budula","Misungwi",4307.952,2021-05-14,6267.159779453,632.983137724753,44808.815190497,44492.3236216346,106,72
"304","Misungwi_Lambo la Budula","Misungwi","Ng_obo ","Lambo la Budula","Batch7",2,14.029,9.918,"Lambo la Budula","Misungwi",1434.18,2021-05-14,2761.087346389,278.869821985289,44808.815190497,44669.3802795043,106,72
"305","Misungwi_Lambo la Budula","Misungwi","Ng_obo ","Lambo la Budula","Batch7",3,10.716,6.056,"Lambo la Budula","Misungwi",995.808,2021-05-14,1230.546741696,124.285220911296,44808.815190497,44746.6725800413,106,72
"306","Misungwi_Lambo la Budula","Misungwi","Ng_obo ","Lambo la Budula","Batch7",15,16.013,9.351,"Lambo la Budula","Misungwi",1,2021-05-14,4105.992114197,414.705203533897,44808.815190497,44601.46258873,106,72
"307","Misungwi_Lambo la Budula","Misungwi","Ng_obo ","Lambo la Budula","Batch7",16,18.954,9.262,"Lambo la Budula","Misungwi",2218.92,2021-05-14,6809.302514664,687.739553981064,44808.815190497,44464.9454135064,106,72
"308","Misungwi_Lambo la Budula","Misungwi","Ng_obo ","Lambo la Budula","Batch7",18,16.676,9.133,"Lambo la Budula","Misungwi",1,2021-05-14,4637.411763776,468.378588141376,44808.815190497,44574.6258964263,106,72
"309","Misungwi_Lambo la Budula","Misungwi","Ng_obo ","Lambo la Budula","Batch7",19,12.355,6.527,"Lambo la Budula","Misungwi",1168.992,2021-05-14,1885.941638875,190.480105526375,44808.815190497,44713.5751377338,106,72
"310","Misungwi_Lambo la Budula","Misungwi","Ng_obo ","Lambo la Budula","Batch7",20,11.633,7.37,"Lambo la Budula","Misungwi",2706,2021-05-14,1574.255373137,158.999792686837,44808.815190497,44729.3152941536,106,72
"311","Misungwi_Lambo la Mabula","Misungwi","Ng_obo ","Lambo la Mabula","Batch1",16,15.051,12.431,"Lambo la Mabula","Misungwi",1423.356,2021-07-03,3409.542177651,344.363759942751,6590.15219820121,6417.97031822983,16.5,122
"312","Misungwi_Lambo la Mabula","Misungwi","Ng_obo ","Lambo la Mabula","Batch1",20,15.597,12.246,"Lambo la Mabula","Misungwi",1206.876,2021-07-03,3794.226181173,383.216844298473,6590.15219820121,6398.54377605197,16.5,122
"313","Misungwi_Lambo la Ng'wanamaguha","Misungwi","Ng_obo ","Lambo la Ng'wanamaguha","Batch1",18,12,6.666,"Lambo la Ng'wanamaguha","Misungwi",6851.592,2021-05-14,1728,174.528,2339.45488524388,2252.19088524388,10.5,72
"315","Misungwi_Kisima cha Ng'wandomele Kaswahili","Misungwi","Ngudama ","Kisima cha Ng'wandomele Kaswahili","Batch3",28,14.766,7.644,"Kisima cha Ng'wandomele Kaswahili","Misungwi",1,2021-06-17,3219.501207096,325.169621916696,12872.4427968246,12709.8579858663,48.5,106
"319","Misungwi_Kwa Fumu","Misungwi","Nyang_holongo ","Kwa Fumu","Batch7",9,11.935,8.64,"Kwa Fumu","Misungwi",1,2021-03-03,1700.071825375,171.707254362875,23554.1976332531,23468.3440060716,122,0
"320","Misungwi_Kwa Fumu","Misungwi","Nyang_holongo ","Kwa Fumu","Batch1",1,15.976,9.697,"Kwa Fumu","Misungwi",1,2021-06-09,4077.595634176,411.837159051776,19986.5854678765,19780.6668883506,45.5,98
"321","Misungwi_Kwa Fumu","Misungwi","Nyang_holongo ","Kwa Fumu","Batch1",8,17.092,8.78,"Kwa Fumu","Misungwi",1,2021-06-09,4993.196442688,504.312840711488,19986.5854678765,19734.4290475208,45.5,98
"322","Misungwi_Kwa Fumu","Misungwi","Nyang_holongo ","Kwa Fumu","Batch1",30,16.343,10.677,"Kwa Fumu","Misungwi",1,2021-06-09,4365.111505607,440.876262066307,19986.5854678765,19766.1473368434,45.5,98
"323","Misungwi_Kwa Fumu","Misungwi","Nyang_holongo ","Kwa Fumu","Batch2",9,15.603,9.99,"Kwa Fumu","Misungwi",122,2021-06-09,3798.606661227,383.659272783927,19986.5854678765,19794.7558314845,45.5,98
"324","Misungwi_Kwa Fumu","Misungwi","Nyang_holongo ","Kwa Fumu","Batch2",30,14.473,9.007,"Kwa Fumu","Misungwi",1,2021-06-09,3031.626441817,306.194270623517,19986.5854678765,19833.4883325647,45.5,98
"325","Misungwi_Kwa Fumu","Misungwi","Nyang_holongo ","Kwa Fumu","Batch3",23,15.967,10.281,"Kwa Fumu","Misungwi",649.44,2021-06-09,4070.708236063,411.141531842363,19986.5854678765,19781.0147019553,45.5,98
"329","Misungwi_Madelelya Site 3","Misungwi","Nyang_holongo ","Madelelya Site 3","Batch1",25,17.034,9.17,"Madelelya Site 3","Misungwi",1,2021-03-03,4942.536995304,499.196236525704,26044.4278838976,25794.8297656348,73.5,0
"330","Misungwi_Madelelya Site 3","Misungwi","Nyang_holongo ","Madelelya Site 3","Batch2",16,15.908,8.046,"Madelelya Site 3","Misungwi",1,2021-03-03,4025.749493312,406.600698824512,26044.4278838976,25841.1275344854,73.5,0
"333","Misungwi_Lambo la Nzengo Matunge","Misungwi","Shilalo ","Lambo la Nzengo Matunge","Batch1",1,12.779,7.785,"Lambo la Nzengo Matunge","Misungwi",64,2021-05-13,2086.847005139,210.771547519039,6078.48868401397,5973.10291025445,14,71
"334","Misungwi_Lambo la Nzengo Matunge","Misungwi","Shilalo ","Lambo la Nzengo Matunge","Batch1",11,18.95,11.12,"Lambo la Nzengo Matunge","Misungwi",1466.652,2021-05-13,6804.992375,687.304229875,6078.48868401397,5734.83656907647,14,71
"335","Misungwi_Lambo la Nzengo Matunge","Misungwi","Shilalo ","Lambo la Nzengo Matunge","Batch1",12,17.954,9.958,"Lambo la Nzengo Matunge","Misungwi",703.56,2021-05-13,5787.402166664,584.527618833064,6078.48868401397,5786.22487459743,14,71
"336","Misungwi_Lambo la Nzengo Matunge","Misungwi","Shilalo ","Lambo la Nzengo Matunge","Batch1",16,16.969,8.47,"Lambo la Nzengo Matunge","Misungwi",1753.488,2021-05-13,4886.171981209,493.503370102109,6078.48868401397,5831.73699896291,14,71
"337","Misungwi_Lambo la Nzengo Matunge","Misungwi","Shilalo ","Lambo la Nzengo Matunge","Batch1",19,12.121,7.05,"Lambo la Nzengo Matunge","Misungwi",3,2021-05-13,1780.800847561,179.860885603661,6078.48868401397,5988.55824121214,14,71
"338","Misungwi_Lambo la Nzengo Matunge","Misungwi","Shilalo ","Lambo la Nzengo Matunge","Batch1",27,18.159,10.24,"Lambo la Nzengo Matunge","Misungwi",14,2021-05-13,5987.917193679,604.779636561579,6078.48868401397,5776.09886573318,14,71
"339","Misungwi_Lambo la Nzengo Matunge","Misungwi","Shilalo ","Lambo la Nzengo Matunge","Batch1",24,10.234,9.245,"Lambo la Nzengo Matunge","Misungwi",1325.94,2021-07-02,1071.855492904,108.257404783304,3531.81239929958,3477.68369690792,13,121
"340","Misungwi_Lambo la Nzengo Shilaloshanguku","Misungwi","Shilalo ","Lambo la Nzengo Shilaloshanguku","Batch1",4,12.034,8.949,"Lambo la Nzengo Shilaloshanguku","Misungwi",1,2021-05-13,1742.729655304,176.015695185704,15476.149034486,15388.1411868932,52.5,71
"341","Misungwi_Lambo la Nzengo Shilaloshanguku","Misungwi","Shilalo ","Lambo la Nzengo Shilaloshanguku","Batch1",6,18.14,9.492,"Lambo la Nzengo Shilaloshanguku","Misungwi",6407.808,2021-05-13,5969.141144,602.883255544,15476.149034486,15174.707406714,52.5,71
"342","Misungwi_Lambo la Nzengo Shilaloshanguku","Misungwi","Shilalo ","Lambo la Nzengo Shilaloshanguku","Batch1",8,15.786,9.452,"Lambo la Nzengo Shilaloshanguku","Misungwi",1,2021-05-13,3933.836407656,397.317477173256,15476.149034486,15277.4902958994,52.5,71
"343","Misungwi_Lambo la Nzengo Shilaloshanguku","Misungwi","Shilalo ","Lambo la Nzengo Shilaloshanguku","Batch2",14,13.545,8.708,"Lambo la Nzengo Shilaloshanguku","Misungwi",159,2021-05-13,2485.060853625,250.991146216125,15476.149034486,15350.653461378,52.5,71
"344","Misungwi_Lambo la Nzengo Shilaloshanguku","Misungwi","Shilalo ","Lambo la Nzengo Shilaloshanguku","Batch2",18,13.603,7.906,"Lambo la Nzengo Shilaloshanguku","Misungwi",74,2021-05-13,2517.121007227,254.229221729927,15476.149034486,15349.0344236211,52.5,71
"346","Sengerema_Lambo la Cosmas Ngusule","Sengerema","Isole ","Lambo la Cosmas Ngusule","Batch1",6,16.612,10.214,"Lambo la Cosmas Ngusule","Sengerema",106,2021-07-05,4584.223332928,463.006556625728,2753.95833229792,2522.45505398505,6.5,124
"347","Sengerema_Lambo la Joseph Malyengete","Sengerema","Isole ","Lambo la Joseph Malyengete","Batch2",6,11.252,6.169,"Lambo la Joseph Malyengete","Sengerema",62,2021-04-02,1424.587635008,143.883351135808,10200.5852631856,10128.6435876177,53.5,30
"348","Sengerema_Lambo la Joseph Malyengete","Sengerema","Isole ","Lambo la Joseph Malyengete","Batch2",31,14.428,7.552,"Lambo la Joseph Malyengete","Sengerema",1,2021-04-02,3003.436130752,303.347049205952,10200.5852631856,10048.9117385826,53.5,30
"349","Sengerema_Lambo la Joseph Malyengete","Sengerema","Isole ","Lambo la Joseph Malyengete","Batch3",8,10.613,6.241,"Lambo la Joseph Malyengete","Sengerema",1,2021-04-02,1195.403416397,120.735745056097,10200.5852631856,10140.2173906576,53.5,30
"350","Sengerema_Lambo la Laurian Edward","Sengerema","Isole ","Lambo la Laurian Edward","Batch1",1,15.06,9.453,"Lambo la Laurian Edward","Sengerema",81,2021-07-05,3415.662216,344.981883816,342.758061214187,170.267119306187,1,124
"351","Sengerema_Lambo la Paul Lupama","Sengerema","Isole ","Lambo la Paul Lupama","Batch1 ",18,20.11,9.146,"Lambo la Paul Lupama","Sengerema",1,2021-04-02,8132.727331,821.405460431,6774.55086879341,6363.84813857791,34.5,30
"355","Sengerema_Kisima cha Marco Mabina","Sengerema","Kasungamile ","Kisima cha Marco Mabina","Batch1",8,10.741,7.608,"Kisima cha Marco Mabina","Sengerema",20,2021-09-15,1239.179299021,125.157109201121,5563.39353344423,5438.23642424311,37,196
"356","Sengerema_Lambo/Kisima cha Ing'ombe","Sengerema","Kasungamile ","Lambo/Kisima cha Ing'ombe","Batch1",1,20.705,10.851,"Lambo/Kisima cha Ing'ombe","Sengerema",78,2021-04-08,8876.171902625,896.493362165125,3502.04289090309,3053.79620982053,5,36
"357","Sengerema_Lambo/Kisima cha Ing'ombe","Sengerema","Kasungamile ","Lambo/Kisima cha Ing'ombe","Batch1",2,15.973,11.777,"Lambo/Kisima cha Ing'ombe","Sengerema",1,2021-04-08,4075.298972317,411.605196204017,3502.04289090309,3296.24029280108,5,36
"358","Sengerema_Lambo/Kisima cha Ing'ombe","Sengerema","Kasungamile ","Lambo/Kisima cha Ing'ombe","Batch1",3,16.529,10.698,"Lambo/Kisima cha Ing'ombe","Sengerema",1098.636,2021-04-08,4515.852403889,456.101092792789,3502.04289090309,3273.9923445067,5,36
"359","Sengerema_Lambo/Kisima cha Ing'ombe","Sengerema","Kasungamile ","Lambo/Kisima cha Ing'ombe","Batch1",5,14.64,9.393,"Lambo/Kisima cha Ing'ombe","Sengerema",29,2021-04-08,3137.785344,316.916319744,3502.04289090309,3343.58473103109,5,36
"360","Sengerema_Lambo/Kisima cha Ing'ombe","Sengerema","Kasungamile ","Lambo/Kisima cha Ing'ombe","Batch1",6,18.746,11.312,"Lambo/Kisima cha Ing'ombe","Sengerema",54,2021-04-08,6587.579024936,665.345481518536,3502.04289090309,3169.37015014382,5,36
"361","Sengerema_Lambo/Kisima cha Ing'ombe","Sengerema","Kasungamile ","Lambo/Kisima cha Ing'ombe","Batch1",7,14.965,10.65,"Lambo/Kisima cha Ing'ombe","Sengerema",1196.052,2021-07-07,3351.430082125,338.494438294625,5046.56917224492,4877.3219530976,18.5,126
"362","Sengerema_Lambo/Kisima cha Ing'ombe","Sengerema","Kasungamile ","Lambo/Kisima cha Ing'ombe","Batch1",12,11.113,7.281,"Lambo/Kisima cha Ing'ombe","Sengerema",1,2021-07-07,1372.441819897,138.616623809597,5046.56917224492,4977.26086034012,18.5,126
"363","Sengerema_Lambo/Kisima cha Ing'ombe","Sengerema","Kasungamile ","Lambo/Kisima cha Ing'ombe","Batch1",23,13.547,11.143,"Lambo/Kisima cha Ing'ombe","Sengerema",42,2021-07-07,2486.161818323,251.102343650623,5046.56917224492,4921.0180004196,18.5,126
"364","Sengerema_Lambo/Kisima cha Ing'ombe","Sengerema","Kasungamile ","Lambo/Kisima cha Ing'ombe","Batch2",3,12.273,7.674,"Lambo/Kisima cha Ing'ombe","Sengerema",1342.176,2021-07-07,1848.639390417,186.712578432117,5046.56917224492,4953.21288302886,18.5,126
"365","Sengerema_Lambo/Kisima cha Ing'ombe","Sengerema","Kasungamile ","Lambo/Kisima cha Ing'ombe","Batch1",32,11.862,7.881,"Lambo/Kisima cha Ing'ombe","Sengerema",1039.104,2021-08-27,1669.066955928,168.575762548728,11121.4680866727,10952.892324124,32,177
"366","Sengerema_Lambo/Kisima cha Ing'ombe","Sengerema","Kasungamile ","Lambo/Kisima cha Ing'ombe","Batch1",17,12.711,6.249,"Lambo/Kisima cha Ing'ombe","Sengerema",736.032,2021-09-15,2053.710181431,207.424728324531,7162.64935020425,6955.22462187972,28,196
"370","Sengerema_Lambo/Mtoni kwa Msonga","Sengerema","Nyamililo ","Lambo/Mtoni kwa Msonga","Batch1",2,13.313,6.893,"Lambo/Mtoni kwa Msonga","Sengerema",10,2021-08-27,2359.542455297,238.313787984997,4616.30888506631,4377.99509708132,33,177
"371","Sengerema_Lambo/Mtoni kwa Msonga","Sengerema","Nyamililo ","Lambo/Mtoni kwa Msonga","Batch1",5,12.051,8.114,"Lambo/Mtoni kwa Msonga","Sengerema",968.748,2021-08-27,1750.125768651,176.762702633751,4616.30888506631,4439.54618243256,33,177
"372","Sengerema_Lambo/Mtoni kwa Msonga","Sengerema","Nyamililo ","Lambo/Mtoni kwa Msonga","Batch1",8,14.399,7.621,"Lambo/Mtoni kwa Msonga","Sengerema",1482.888,2021-08-27,2985.361963199,301.521558283099,4616.30888506631,4314.78732678321,33,177
"373","Sengerema_Lambo/Mtoni kwa Msonga","Sengerema","Nyamililo ","Lambo/Mtoni kwa Msonga","Batch1",9,10.213,6.5,"Lambo/Mtoni kwa Msonga","Sengerema",1,2021-08-27,1065.270733597,107.592344093297,4616.30888506631,4508.71654097302,33,177
"374","Sengerema_Lambo/Mtoni kwa Msonga","Sengerema","Nyamililo ","Lambo/Mtoni kwa Msonga","Batch1",12,9.146,7.343,"Lambo/Mtoni kwa Msonga","Sengerema",1,2021-08-27,765.056644136,77.270721057736,4616.30888506631,4539.03816400858,33,177
"375","Sengerema_Lambo/Mtoni kwa Msonga","Sengerema","Nyamililo ","Lambo/Mtoni kwa Msonga","Batch1",14,11.142,7.343,"Lambo/Mtoni kwa Msonga","Sengerema",1277.232,2021-08-27,1383.214275288,139.704641804088,4616.30888506631,4476.60424326223,33,177
"376","Sengerema_Lambo/Mtoni kwa Msonga","Sengerema","Nyamililo ","Lambo/Mtoni kwa Msonga","Batch1",15,7.698,6.234,"Lambo/Mtoni kwa Msonga","Sengerema",741.444,2021-08-27,456.177352392,46.073912591592,4616.30888506631,4570.23497247472,33,177
"377","Sengerema_Lambo/Mtoni kwa Msonga","Sengerema","Nyamililo ","Lambo/Mtoni kwa Msonga","Batch1",17,13.01,7.036,"Lambo/Mtoni kwa Msonga","Sengerema",876.744,2021-08-27,2202.073901,222.409464001,4616.30888506631,4393.89942106531,33,177
"378","Sengerema_Lambo/Mtoni kwa Msonga","Sengerema","Nyamililo ","Lambo/Mtoni kwa Msonga","Batch1",21,8.98,5.383,"Lambo/Mtoni kwa Msonga","Sengerema",1,2021-08-27,724.150792,73.139229992,4616.30888506631,4543.16965507431,33,177
"379","Sengerema_Lambo/Mtoni kwa Msonga","Sengerema","Nyamililo ","Lambo/Mtoni kwa Msonga","Batch1",25,9.246,7.85,"Lambo/Mtoni kwa Msonga","Sengerema",1,2021-08-27,790.426818936,79.833108712536,4616.30888506631,4536.47577635378,33,177
